Busca,Crescimento
salario minimo 2024,2700.00%
dissídio telemarketing 2024,1200.00%
telemarketing stockholm,250.00%
outsourced telemarketing,190.00%
dia do atendente de telemarketing,150.00%
b2b telemarketing services,150.00%
bloquear ligação telemarketing,140.00%
telemarketing companies uk,110.00%
bcc telemarketing,90.00%
negativa telemarketing,70.00%
telemarketing international kft,70.00%
csu,70.00%
outbound telemarketing services,70.00%
b2c telemarketing,60.00%
concentrix,60.00%
telemarketing training course,60.00%
telemarketing lead generation,60.00%
b2b telemarketing lead generation,60.00%
telemarketing cos'è,50.00%
stop telemarketing calls,50.00%
outbound telemarketing sales training,50.00%
